Season,Date,HomeTeam,AwayTeam,Bet_Type,Odds,P_Model,EV,Won,Flat_Stake,Flat_Profit,Kelly_Stake,Kelly_Profit,Flat_BK,Kelly_BK
2012,2012-08-20,Vallecano,Granada,1,2.2,0.4890339833498581,0.0758747633696879,True,10.0,12.000000000000002,15.807242368684978,18.968690842421978,1012.0,1018.968690842422
2012,2012-09-01,La Coruna,Getafe,1,2.2,0.47981739103254367,0.05559826027159609,False,10.0,-10.0,11.802684683763438,-11.802684683763438,1002.0,1007.1660061586585
2012,2012-09-02,Ath Bilbao,Valladolid,1,2.0,0.5396695754112363,0.07933915082247256,True,10.0,10.0,19.976923916472284,19.976923916472284,1012.0,1027.1429300751308
2012,2012-09-16,Espanol,Ath Bilbao,1,2.2,0.5491536853275057,0.20813810772051267,False,10.0,-10.0,44.53908038007095,-44.53908038007095,1002.0,982.6038496950599
2012,2012-09-16,Osasuna,Mallorca,1,2.2,0.5026656221210658,0.10586436866634497,False,10.0,-10.0,21.671403374393254,-21.671403374393254,992.0,960.9324463206666
2012,2012-09-16,Granada,La Coruna,1,2.3,0.4776552529414369,0.09860708176530486,False,10.0,-10.0,18.22206621255316,-18.22206621255316,982.0,942.7103801081134
2012,2012-09-22,Zaragoza,Osasuna,1,2.25,0.4769723592087664,0.07318780821972437,True,10.0,12.5,13.798981301219214,17.248726626524018,994.5,959.9591067346374
2012,2012-09-23,Ath Bilbao,Malaga,1,2.2,0.4775066848066612,0.05051470657465473,False,10.0,-10.0,10.102510958409974,-10.102510958409974,984.5,949.8565957762276
2012,2012-09-29,Sociedad,Ath Bilbao,1,2.3,0.537584027161138,0.2364432624706172,True,10.0,12.999999999999998,43.18984468933953,56.14679809614138,997.5,1006.0033938723689
2012,2012-09-30,Granada,Celta,1,2.3,0.48536872971494943,0.11634807834438354,True,10.0,12.999999999999998,22.5089541701881,29.26164042124453,1010.5,1035.2650342936133
2012,2012-10-01,Getafe,Mallorca,1,2.1,0.6616934097757097,0.38955616052899034,True,10.0,11.0,51.76325171468068,56.93957688614875,1021.5,1092.2046111797622
2012,2012-10-06,Vallecano,La Coruna,1,2.3,0.4735293563137331,0.08911751952158609,True,10.0,12.999999999999998,18.718185722765153,24.333641439594697,1034.5,1116.5382526193569
2012,2012-10-20,Malaga,Valladolid,1,1.53,0.7576173123777163,0.1591544879379061,True,10.0,5.300000000000001,55.82691263096785,29.58826369441296,1039.8,1146.1265163137698
2012,2012-10-28,Levante,Granada,1,2.0,0.5286107834050192,0.05722156681003843,True,10.0,10.0,16.395788756501243,16.395788756501243,1049.8,1162.5223050702712
2012,2012-11-03,Valencia,Ath Madrid,1,2.4,0.5414625491694028,0.2995101180065667,True,10.0,14.0,58.12611525351355,81.37656135491896,1063.8,1243.8988664251901
2012,2012-11-10,Malaga,Sociedad,1,1.53,0.7175789403677424,0.09789577876264577,False,10.0,-10.0,57.43983407106898,-57.43983407106898,1053.8,1186.459032354121
2012,2012-11-10,Vallecano,Celta,1,2.38,0.45050736208837466,0.07220752177033174,True,10.0,13.799999999999999,15.520156958028426,21.417816602079228,1067.6,1207.8768489562003
2012,2012-11-11,Ath Bilbao,Sevilla,1,2.38,0.4997495506304705,0.18940393050051973,True,10.0,13.799999999999999,41.44504035378386,57.19415568822172,1081.4,1265.071004644422
2012,2012-11-17,Valencia,Espanol,1,1.5,0.7041275889042491,0.056191383356373636,True,10.0,5.0,35.54304489750372,17.77152244875186,1086.4,1282.8425270931739
2012,2012-11-18,Getafe,Valladolid,1,2.0,0.6198630724537034,0.23972614490740685,True,10.0,10.0,66.29088758753976,66.29088758753976,1096.4,1349.1334146807135
2012,2012-11-18,Sevilla,Betis,1,1.67,0.6794426712174291,0.1346692609331066,True,10.0,6.699999999999999,64.1421263546587,42.975224657621325,1103.1,1392.1086393383348
2012,2012-11-24,Malaga,Valencia,1,2.1,0.5515422873697163,0.1582388034764044,True,10.0,11.0,50.064910317741706,55.07140134951588,1114.1,1447.1800406878508
2012,2012-11-25,Espanol,Getafe,1,2.1,0.5800400283006558,0.21808405943137732,False,10.0,-10.0,71.72884045483461,-71.72884045483461,1104.1,1375.4512002330162
2012,2012-12-01,Real Madrid,Ath Madrid,1,1.44,0.7688813018838897,0.10718907471280104,True,10.0,4.3999999999999995,68.77256001165081,30.259926405126354,1108.5,1405.7111266381426
2012,2012-12-01,Valencia,Sociedad,1,1.6,0.6675485715492124,0.06807771447873989,False,10.0,-10.0,39.87400029952468,-39.87400029952468,1098.5,1365.837126338618
2012,2012-12-15,Mallorca,Ath Bilbao,1,2.4,0.4769723592087664,0.14473366210103933,False,10.0,-10.0,35.30046591581216,-35.30046591581216,1088.5,1330.5366604228057
2012,2012-12-15,Sevilla,Malaga,1,2.1,0.6587250884208944,0.3833226856838783,False,10.0,-10.0,66.52683302114029,-66.52683302114029,1078.5,1264.0098274016655
2012,2012-12-15,Granada,Sociedad,1,2.4,0.46676806129475756,0.12024334710741802,False,10.0,-10.0,27.140852218472507,-27.140852218472507,1068.5,1236.868975183193
2012,2012-12-17,La Coruna,Valladolid,1,2.2,0.5000734049834037,0.10016149096348825,False,10.0,-10.0,25.809716808506323,-25.809716808506323,1058.5,1211.0592583746866
2012,2012-12-20,Vallecano,Levante,1,2.25,0.4747587483385863,0.06820718376181922,True,10.0,12.5,16.520588276482957,20.650735345603696,1071.0,1231.7099937202902
2012,2013-01-04,Zaragoza,Betis,1,2.2,0.4950544732942532,0.08911984124735706,False,10.0,-10.0,22.86870814648655,-22.86870814648655,1061.0,1208.8412855738038
2012,2013-01-12,Espanol,Celta,1,2.25,0.5017796802990767,0.12900428067292258,True,10.0,12.5,31.189140098635914,38.98642512329489,1073.5,1247.8277106970986
2012,2013-01-12,Valencia,Sevilla,1,2.1,0.6229477968969048,0.3081903734835001,True,10.0,11.0,62.39138553485495,68.63052408834045,1084.5,1316.4582347854391
2012,2013-01-18,Espanol,Mallorca,1,2.0,0.530142392918869,0.060284785837738,True,10.0,10.0,19.840600687091705,19.840600687091705,1094.5,1336.2988354725308
2012,2013-01-19,Granada,Vallecano,1,2.15,0.4968298726202221,0.06818422613347752,True,10.0,11.5,19.807500430382987,22.778625494940435,1106.0,1359.0774609674713
2012,2013-01-26,Celta,Sociedad,1,2.2,0.49803208488311945,0.09567058674286288,False,10.0,-10.0,27.088278774949643,-27.088278774949643,1096.0,1331.9891821925216
2012,2013-01-27,Vallecano,Betis,1,2.25,0.46914614084797374,0.055578816907940976,True,10.0,12.5,14.80607657608724,18.507595720109048,1108.5,1350.4967779126307
2012,2013-02-02,Espanol,Levante,1,2.1,0.5294773556906527,0.11190244695037066,True,10.0,11.0,34.3463395561397,37.78097351175367,1119.5,1388.2777514243844
2012,2013-02-02,Getafe,La Coruna,1,2.05,0.5360708606948351,0.09894526442441198,True,10.0,10.499999999999998,32.705597430765195,34.34087730230345,1130.0,1422.6186287266878
2012,2013-02-03,Ath Madrid,Betis,1,1.44,0.7649815094353792,0.10157337358694596,True,10.0,4.3999999999999995,71.1309314363344,31.297609831987128,1134.4,1453.9162385586749
2012,2013-02-10,Zaragoza,Sociedad,1,2.4,0.44820980199142024,0.07570352477940845,False,10.0,-10.0,19.654747141591244,-19.654747141591244,1124.4,1434.2614914170836
2012,2013-02-16,Getafe,Celta,1,2.1,0.5233667852633725,0.09907024905308237,True,10.0,11.0,32.2937825368036,35.52316079048396,1135.4,1469.7846522075677
2012,2013-02-17,Espanol,Betis,1,2.0,0.5267986266753092,0.05359725335061838,True,10.0,10.0,19.69410509380488,19.69410509380488,1145.4,1489.4787573013725
2012,2013-02-22,Ath Bilbao,Sociedad,1,2.25,0.5303706736671049,0.19333401575098597,False,10.0,-10.0,57.5933819049725,-57.5933819049725,1135.4,1431.8853753964
2012,2013-03-02,La Coruna,Vallecano,1,2.3,0.47822463075741045,0.09991665074204392,False,10.0,-10.0,27.51330595310049,-27.51330595310049,1125.4,1404.3720694432996
2012,2013-03-02,Valencia,Levante,1,1.5,0.7925044444626752,0.1887566666940128,False,10.0,-10.0,70.21860347216496,-70.21860347216496,1115.4,1334.1534659711347
2012,2013-03-10,Levante,Getafe,1,2.1,0.5001605645934821,0.05033718564631262,False,10.0,-10.0,15.263075158468274,-15.263075158468274,1105.4,1318.8903908126663
2012,2013-03-10,Ath Madrid,Sociedad,1,1.5,0.7649815094353792,0.1474722641530688,False,10.0,-10.0,65.9445195406333,-65.9445195406333,1095.4,1252.945871272033
2012,2013-03-16,Getafe,Ath Bilbao,1,2.3,0.5030088212468581,0.15692028886777343,True,10.0,12.999999999999998,37.81012077994066,49.15315701392285,1108.4,1302.099028285956
2012,2013-03-16,Valencia,Betis,1,1.62,0.6704495437067316,0.08612826080490521,True,10.0,6.200000000000001,45.220776089526765,28.0368811755066,1114.6,1330.1359094614625
2012,2013-04-05,Granada,Betis,1,2.3,0.5247734046550169,0.20697883070653877,False,10.0,-10.0,52.94422600405999,-52.94422600405999,1104.6,1277.1916834574024
2012,2013-04-13,Levante,La Coruna,1,2.2,0.5055410926534136,0.11219040383751011,False,10.0,-10.0,32.10177835018741,-32.10177835018741,1094.6,1245.0899051072151
2012,2013-04-13,Malaga,Osasuna,1,2.0,0.6446347920359087,0.28926958407181735,True,10.0,10.0,65.40264662754012,65.40264662754012,1104.6,1310.4925517347551
2012,2013-04-13,Valladolid,Getafe,1,2.3,0.4768058525430041,0.09665346084890936,True,10.0,12.999999999999998,23.73942237953897,30.861249093400655,1117.6,1341.3538008281557
2012,2013-04-21,Sevilla,Ath Madrid,1,2.4,0.5743894858251304,0.3785347659803129,False,10.0,-10.0,67.06769004140776,-67.06769004140776,1107.6,1274.286110786748
2012,2013-04-21,Getafe,Espanol,1,2.2,0.5662514341626346,0.24575315515779605,False,10.0,-10.0,63.71430553933737,-63.71430553933737,1097.6,1210.5718052474108
2012,2013-05-05,Sevilla,Espanol,1,1.57,0.685434358765543,0.07613194326190253,True,10.0,5.700000000000001,40.42244911910295,23.040795997888683,1103.3,1233.6126012452994
2012,2013-05-26,Malaga,La Coruna,1,2.38,0.6525348068555009,0.553032840316092,True,10.0,13.799999999999999,61.680630062264925,85.11926948592559,1117.1,1318.731870731225
2012,2013-05-26,Ath Madrid,Mallorca,1,1.62,0.689879419708065,0.11760465992706526,False,10.0,-10.0,62.535892416261355,-62.535892416261355,1107.1,1256.1959783149637
2012,2013-05-26,Getafe,Vallecano,1,2.1,0.5734909891639756,0.20433107724434874,False,10.0,-10.0,58.33633579070793,-58.33633579070793,1097.1,1197.8596425242556
2013,2013-08-17,Valencia,Malaga,1,1.53,0.7031161740003943,0.07576774622060323,True,10.0,5.300000000000001,42.81090820881143,22.68978135067006,1102.4,1220.5494238749257
2013,2013-08-19,Vallecano,Elche,1,2.25,0.47123969605291033,0.06028931611904831,True,10.0,12.5,14.717218010983528,18.39652251372941,1114.9,1238.945946388655
2013,2013-08-31,Celta,Granada,1,2.2,0.4834168096991696,0.0635169813381733,False,10.0,-10.0,16.394605532452836,-16.394605532452836,1104.9,1222.5513408562024
2013,2013-09-15,Granada,Espanol,1,2.4,0.5074574857148887,0.21789796571573272,False,10.0,-10.0,47.569901813501374,-47.569901813501374,1094.9,1174.981439042701
2013,2013-09-16,Elche,Valladolid,1,2.25,0.4979377864017292,0.12036001940389074,False,10.0,-10.0,28.284157760478166,-28.284157760478166,1084.9,1146.6972812822228
2013,2013-09-23,Espanol,Ath Bilbao,1,2.3,0.4764578726815789,0.0958531071676314,True,10.0,12.999999999999998,21.137403344533922,27.478624347894094,1097.9,1174.1759056301169
2013,2013-09-26,Getafe,Celta,1,2.1,0.5255287587624049,0.10361039340105038,True,10.0,11.0,27.649278978266118,30.41420687609273,1108.9,1204.5901125062096
2013,2013-09-28,Sociedad,Sevilla,1,2.2,0.5628581945084837,0.23828802791866432,False,10.0,-10.0,59.799875491547176,-59.799875491547176,1098.9,1144.7902370146624
2013,2013-09-28,Real Madrid,Ath Madrid,1,1.62,0.653908605106983,0.05933194027331257,False,10.0,-10.0,27.388155632268234,-27.388155632268234,1088.9,1117.4020813823943
2013,2013-10-26,Levante,Espanol,1,2.4,0.4979377864017292,0.19505068736415,True,10.0,14.0,38.9196507206728,54.487511008941915,1102.9,1171.889592391336
2013,2013-10-30,Osasuna,Vallecano,1,2.1,0.501098739296567,0.05230735252279084,True,10.0,11.0,13.931464097046188,15.324610506750808,1113.9,1187.214202898087
2013,2013-11-02,Almeria,Valladolid,1,2.15,0.4887534313482936,0.05081987739883109,True,10.0,11.5,13.116104399441676,15.083520059357927,1125.4,1202.2977229574449
2013,2013-11-08,Granada,Malaga,1,2.3,0.5007937964122986,0.15182573174828673,True,10.0,12.999999999999998,35.10379453217554,45.6349328918282,1138.4,1247.932655849273
2013,2013-11-10,Espanol,Sevilla,1,2.38,0.4725221433524444,0.12460270117881755,False,10.0,-10.0,28.16952532754982,-28.16952532754982,1128.4,1219.7631305217233
2013,2013-11-24,Vallecano,Espanol,1,2.4,0.49385169109755483,0.18524405863413151,False,10.0,-10.0,40.34890586966388,-40.34890586966388,1118.4,1179.4142246520594
2013,2013-12-13,Levante,Elche,1,2.3,0.4878484839945724,0.12205151318751639,True,10.0,12.999999999999998,27.68255592185868,35.98732269841628,1131.4,1215.4015473504755
2013,2013-12-16,Valladolid,Celta,1,2.38,0.4870664742649242,0.15921820875051962,True,10.0,13.799999999999999,35.056894435100084,48.378514320438114,1145.2,1263.7800616709137
2013,2013-12-20,Elche,Malaga,1,2.3,0.4615834433778267,0.06164191976900124,False,10.0,-10.0,14.981120993688817,-14.981120993688817,1135.2,1248.798940677225
2013,2014-01-04,Valladolid,Betis,1,2.38,0.4979377864017292,0.18509193163611548,False,10.0,-10.0,41.87366089765982,-41.87366089765982,1125.2,1206.9252797795652
2013,2014-01-05,Osasuna,Espanol,1,2.4,0.501098739296567,0.20263697431176086,True,10.0,14.0,43.6728012348047,61.14192172872658,1139.2,1268.0672015082916
2013,2014-01-05,Sociedad,Ath Bilbao,1,2.15,0.5970258765063073,0.2836056344885607,True,10.0,11.5,63.40336007541454,72.91386408672672,1150.7,1340.9810655950184
2013,2014-01-18,Elche,Vallecano,1,2.38,0.4979377864017292,0.18509193163611548,True,10.0,13.799999999999999,44.96463328232578,62.05119392960957,1164.5,1403.032259524628
2013,2014-01-26,Almeria,Getafe,1,2.4,0.4798194260659121,0.1515666225581891,True,10.0,14.0,37.973725163630775,53.16321522908308,1178.5,1456.195474753711
2013,2014-01-31,Granada,Celta,1,2.1,0.5021661980095072,0.054549015819965296,False,10.0,-10.0,18.053188633932276,-18.053188633932276,1168.5,1438.1422861197789
2013,2014-02-01,Levante,Vallecano,1,2.15,0.4979377864017292,0.07056624076371776,False,10.0,-10.0,22.061803220611246,-22.061803220611246,1158.5,1416.0804828991677
2013,2014-02-02,Betis,Espanol,1,2.3,0.49042551510166765,0.12797868473383556,True,10.0,12.999999999999998,34.85156109205579,45.30702941967252,1171.5,1461.38751231884
2013,2014-02-08,Vallecano,Malaga,1,2.4,0.4725454975623646,0.13410919414967504,True,10.0,14.0,34.997411003121044,48.99637540436946,1185.5,1510.3838877232097
2013,2014-02-16,Granada,Betis,1,2.1,0.5094132462085192,0.06976781703789037,True,10.0,11.0,23.949133349011447,26.344046683912595,1196.5,1536.7279344071221
2013,2014-03-01,Levante,Osasuna,1,2.3,0.4997263376993584,0.14937057670852427,True,10.0,12.999999999999998,44.14268034740212,57.385484451622744,1209.5,1594.1134188587448
2013,2014-03-09,Valencia,Ath Bilbao,1,2.25,0.596737493147235,0.3426593595812788,False,10.0,-10.0,79.70567094293722,-79.70567094293722,1199.5,1514.4077479158077
2013,2014-03-16,Elche,Betis,1,2.38,0.46807874315807263,0.11402740871621275,False,10.0,-10.0,31.283331745397643,-31.283331745397643,1189.5,1483.1244161704099
2013,2014-03-17,Villarreal,Ath Bilbao,1,2.25,0.5692546257053773,0.28082290783709896,False,10.0,-10.0,74.15622080852046,-74.15622080852046,1179.5,1408.9681953618895
2013,2014-03-22,Valladolid,Vallecano,1,2.4,0.47123969605291033,0.13097527052698466,False,10.0,-10.0,32.95356974132871,-32.95356974132871,1169.5,1376.0146256205608
2013,2014-03-23,Real Madrid,Barcelona,1,2.25,0.5625702527203843,0.26578306862086465,False,10.0,-10.0,68.800731281028,-68.800731281028,1159.5,1307.2138943395328
2013,2014-03-23,Valencia,Villarreal,1,2.05,0.6302515943957868,0.2920157685113629,True,10.0,10.499999999999998,65.36069471697661,68.62872945282543,1170.0,1375.8426237923582
2013,2014-03-25,Malaga,Espanol,1,2.45,0.4979377864017292,0.2199475766842367,False,10.0,-10.0,52.17469844862257,-52.17469844862257,1160.0,1323.6679253437358
2013,2014-03-27,Levante,Betis,1,2.3,0.4979377864017292,0.145256908723977,False,10.0,-10.0,36.975367502405945,-36.975367502405945,1150.0,1286.6925578413297
2013,2014-04-04,Almeria,Osasuna,1,2.2,0.4906907382027172,0.0795196240459779,False,10.0,-10.0,21.31610592964586,-21.31610592964586,1140.0,1265.376451911684
2013,2014-04-06,Elche,Getafe,1,2.15,0.4979377864017292,0.07056624076371776,True,10.0,11.5,19.411491165725817,22.323214840584686,1151.5,1287.6996667522685
2013,2014-04-06,Sevilla,Espanol,1,1.67,0.7450645499161235,0.24425779835992611,True,10.0,6.699999999999999,64.38498333761339,43.137938836200966,1158.2,1330.8376055884696
2013,2014-04-19,Levante,Getafe,1,2.4,0.4802207766954427,0.15252986406906244,False,10.0,-10.0,36.248656978286725,-36.248656978286725,1148.2,1294.5889486101828
2013,2014-04-26,Granada,Vallecano,1,2.2,0.5130171254453423,0.12863767597975317,False,10.0,-10.0,34.694357020476225,-34.694357020476225,1138.2,1259.8945915897066
2013,2014-05-03,Malaga,Elche,1,2.25,0.49385169109755483,0.11116630496949842,False,10.0,-10.0,28.011565279616573,-28.011565279616573,1128.2,1231.8830263100901
2013,2014-05-11,Espanol,Osasuna,1,2.3,0.501098739296567,0.15252710038210404,False,10.0,-10.0,36.13375884865559,-36.13375884865559,1118.2,1195.7492674614346
2013,2014-05-18,Sociedad,Villarreal,1,2.0,0.6639792447779002,0.3279584895558003,False,10.0,-10.0,59.787463373071674,-59.787463373071674,1108.2,1135.961804088363
2014,2014-08-29,Valencia,Malaga,1,1.55,0.6814188743715363,0.05619925527588121,True,10.0,5.5,29.018276096187453,15.960051852903101,1113.7,1151.921855941266
2014,2014-09-13,Real Madrid,Ath Madrid,1,1.67,0.6794479438943101,0.13467806630349766,False,10.0,-10.0,57.59609279706324,-57.59609279706324,1103.7,1094.3257631442027
2014,2014-09-14,Valencia,Espanol,1,1.62,0.7591633458030147,0.22984462020088392,True,10.0,6.200000000000001,54.71628815721008,33.92409865747025,1109.9,1128.249861801673
2014,2014-09-20,Ath Madrid,Celta,1,1.44,0.7979795525289894,0.14909055564174478,False,10.0,-10.0,56.41249309008359,-56.41249309008359,1099.9,1071.8373687115893
2014,2014-09-27,Ath Madrid,Sevilla,1,1.67,0.6298839250426774,0.051906154821271366,True,10.0,6.699999999999999,20.759312090883515,13.908739100891953,1106.6,1085.7461078124811
2014,2014-10-05,Celta,Villarreal,1,2.38,0.45408675125126535,0.08072646797801153,False,10.0,-10.0,15.87834210227805,-15.87834210227805,1096.6,1069.8677657102032
2014,2014-10-26,Sevilla,Villarreal,1,2.0,0.6382802274318854,0.2765604548637708,True,10.0,10.0,53.49338828551011,53.49338828551011,1106.6,1123.3611539957133
2014,2014-11-01,Sociedad,Malaga,1,2.2,0.5514493142608283,0.21318849137382245,False,10.0,-10.0,49.893264518396265,-49.893264518396265,1096.6,1073.467889477317
2014,2014-11-02,Levante,Almeria,1,2.4,0.44302971209609776,0.06327130903063449,True,10.0,14.0,12.128521173139687,16.97992964239556,1110.6,1090.4478191197127
2014,2014-11-09,Valencia,Ath Bilbao,1,1.62,0.757819619986552,0.22766778437821422,False,10.0,-10.0,54.52239095598557,-54.52239095598557,1100.6,1035.925428163727
2014,2014-12-13,Malaga,Celta,1,2.1,0.5411667648353918,0.1364502061543229,True,10.0,11.0,32.928646406654934,36.22151104732043,1111.6,1072.1469392110475
2014,2014-12-13,Valencia,Vallecano,1,1.5,0.7961552783909417,0.1942329175864126,True,10.0,5.0,51.796271408186286,25.898135704093143,1116.6,1098.0450749151405
2014,2014-12-14,Ath Madrid,Villarreal,1,1.62,0.7807344850139781,0.2647898657226446,False,10.0,-10.0,54.90225374575697,-54.90225374575697,1106.6,1043.1428211693835
2014,2015-01-03,Sevilla,Celta,1,1.67,0.6771739747941323,0.13088053790620102,True,10.0,6.699999999999999,50.942945353597324,34.131773386910204,1113.3,1077.2745945562938
2014,2015-01-04,Getafe,Vallecano,1,2.25,0.48633926812706313,0.09426335328589208,False,10.0,-10.0,20.309503138515193,-20.309503138515193,1103.3,1056.9650914177787
2015,2015-08-30,Valencia,La Coruna,1,1.44,0.8364777482345396,0.204527957457737,False,10.0,-10.0,52.848254570888884,-52.848254570888884,1093.3,1004.1168368468898
2015,2015-09-19,Sociedad,Espanol,1,2.0,0.5432572461063957,0.0865144922127914,False,10.0,-10.0,21.71766456553072,-21.71766456553072,1083.3,982.399172281359
2015,2015-09-19,Valencia,Betis,1,1.5,0.7997132244802853,0.19956983672042794,False,10.0,-10.0,49.1199586140679,-49.1199586140679,1073.3,933.2792136672911
2015,2015-09-20,Villarreal,Ath Bilbao,1,2.0,0.62188237415011,0.2437647483002201,True,10.0,10.0,46.66396068336451,46.66396068336451,1083.3,979.9431743506557
2015,2015-09-23,Levante,Eibar,1,2.38,0.45344289429915113,0.07919408843197973,False,10.0,-10.0,14.059004784029106,-14.059004784029106,1073.3,965.8841695666265
2015,2015-09-25,Valencia,Granada,1,1.45,0.7869579735691845,0.14108906167531754,True,10.0,4.5,48.29420847833128,21.732393815249072,1077.8,987.6165633818756
2015,2015-09-26,Sevilla,Vallecano,1,1.44,0.7388953117259732,0.06400924888540138,True,10.0,4.3999999999999995,35.91851955048592,15.804148602213802,1082.2,1003.4207119840894
2015,2015-09-27,Sp Gijon,Betis,1,2.3,0.4851476916162336,0.11583969071733713,False,10.0,-10.0,21.497339617296927,-21.497339617296927,1072.2,981.9233723667925
2015,2015-09-27,Sociedad,Ath Bilbao,1,2.4,0.5059920255215857,0.21438086125180567,False,10.0,-10.0,38.41324936304445,-38.41324936304445,1062.2,943.510123003748
2015,2015-10-03,Malaga,Sociedad,1,2.38,0.4555633866298028,0.08424086017893062,True,10.0,13.799999999999999,14.398931947348602,19.87052608734107,1076.0,963.380649091089
2015,2015-10-03,Espanol,Sp Gijon,1,2.0,0.6485329244190606,0.29706584883812126,False,10.0,-10.0,48.16903245455441,-48.16903245455441,1066.0,915.2116166365347
2015,2015-10-17,Valencia,Malaga,1,1.62,0.8110320465615447,0.3138719154297025,True,10.0,6.200000000000001,45.76058083182669,28.37156011573255,1072.2,943.5831767522673
2015,2015-10-18,Villarreal,Celta,1,2.0,0.6320691543153982,0.26413830863079646,False,10.0,-10.0,47.179158837613315,-47.179158837613315,1062.2,896.4040179146539
2015,2015-10-24,Sevilla,Getafe,1,1.44,0.7451094335365512,0.07295758429263377,True,10.0,4.3999999999999995,37.15879073708176,16.349867924315973,1066.6000000000001,912.7538858389698
2015,2015-10-24,Malaga,La Coruna,1,2.25,0.5198757287497083,0.16972038968684378,True,10.0,12.5,30.982589038554146,38.728236298192684,1079.1000000000001,951.4821221371626
2016,2016-08-20,Sevilla,Espanol,1,1.67,0.7757057631040509,0.29542862438376494,True,10.0,6.699999999999999,47.57410610685808,31.874651091594913,1085.8,983.3567732287574
2016,2016-08-28,Alaves,Sp Gijon,1,2.15,0.6118121573905001,0.31539613838957514,False,10.0,-10.0,49.16783866143783,-49.16783866143783,1075.8,934.1889345673196
2016,2016-09-09,Sociedad,Espanol,1,2.05,0.6876939065945379,0.40977250851880265,False,10.0,-10.0,46.70944672836594,-46.70944672836594,1065.8,887.4794878389537
2016,2016-09-10,Sevilla,Las Palmas,1,1.5,0.7272665574389886,0.09089983615848296,True,10.0,5.0,40.33587001928759,20.167935009643795,1070.8,907.6474228485974
2016,2016-09-19,Alaves,La Coruna,1,2.3,0.49652640604563797,0.1420107339049672,False,10.0,-10.0,24.787630124169485,-24.787630124169485,1060.8,882.859792724428
2016,2016-09-21,Sociedad,Las Palmas,1,2.0,0.5512366511867007,0.10247330237340146,True,10.0,10.0,22.61738962329219,22.61738962329219,1070.8,905.4771823477201
2016,2016-09-25,Villarreal,Osasuna,1,1.4,0.8108809548501638,0.1352333367902292,True,10.0,3.999999999999999,45.27385911738597,18.109543646954382,1074.8,923.5867259946746
2016,2016-10-02,Malaga,Ath Bilbao,1,2.45,0.4365938766978936,0.06965499790983953,True,10.0,14.500000000000002,11.09179852908871,16.08310786717863,1089.3,939.6698338618532
2016,2016-10-23,Villarreal,Las Palmas,1,1.67,0.7243427055461734,0.2096523182621095,True,10.0,6.699999999999999,46.98349169309262,31.47893943437205,1096.0,971.1487732962253
2016,2016-11-06,Villarreal,Betis,1,1.5,0.7362304430746924,0.10434566461203865,True,10.0,5.0,48.55743866481122,24.27871933240561,1101.0,995.4274926286308
2016,2016-11-18,Betis,Las Palmas,1,2.35,0.46435738603449267,0.09123985718105776,True,10.0,13.5,16.81901152991382,22.705665565383658,1114.5,1018.1331581940145
2016,2017-01-20,Las Palmas,La Coruna,1,2.25,0.47866080945118683,0.07698682126517031,False,10.0,-10.0,15.67656709480518,-15.67656709480518,1104.5,1002.4565910992094
2016,2017-01-21,Alaves,Leganes,1,2.2,0.5563152266019471,0.22389349852428375,False,10.0,-10.0,46.75906527081857,-46.75906527081857,1094.5,955.6975258283908
2016,2017-02-18,Sevilla,Eibar,1,1.45,0.7349404763895824,0.06566369076489442,True,10.0,4.5,34.86368155598338,15.68865670019252,1099.0,971.3861825285833
2016,2017-02-19,Valencia,Ath Bilbao,1,2.3,0.49455886100690366,0.13748538031587842,True,10.0,12.999999999999998,25.682961295871433,33.38784968463286,1112.0,1004.7740322132162
2016,2017-03-02,Sevilla,Ath Bilbao,1,1.67,0.7190694004706222,0.20084589878593895,True,10.0,6.699999999999999,50.23870161066077,33.65993007914271,1118.7,1038.433962292359
2016,2017-03-10,Espanol,Las Palmas,1,2.2,0.5289015188074525,0.16358334137639563,True,10.0,12.000000000000002,35.38968694802374,42.46762433762849,1130.7,1080.9015866299874
2016,2017-03-11,Valencia,Sp Gijon,1,1.5,0.8108809548501638,0.21632143227524558,False,10.0,-10.0,54.04507933149932,-54.04507933149932,1120.7,1026.856507298488
2016,2017-03-12,Sociedad,Ath Bilbao,1,2.1,0.6033548063749702,0.26704509338743754,False,10.0,-10.0,51.34282536492435,-51.34282536492435,1110.7,975.5136819335637
2016,2017-03-31,Espanol,Betis,1,2.3,0.46376442789606376,0.0666581841609466,True,10.0,12.999999999999998,12.504994358048176,16.256492665462627,1123.7,991.7701745990263
2016,2017-04-07,Villarreal,Ath Bilbao,1,2.15,0.5318118212615403,0.1433954157123114,True,10.0,11.5,30.91636879949976,35.553824119424725,1135.2,1027.323998718451
2016,2017-04-08,Sevilla,La Coruna,1,1.5,0.793003234504195,0.1895048517562925,True,10.0,5.0,51.3661999359225,25.68309996796125,1140.2,1053.0070986864123
2016,2017-04-09,Celta,Eibar,1,2.25,0.5320745267227984,0.19716768512629645,False,10.0,-10.0,41.52379441391146,-41.52379441391146,1130.2,1011.4833042725008
2016,2017-04-10,Sociedad,Sp Gijon,1,1.44,0.7790073274796514,0.12177055157069794,True,10.0,4.3999999999999995,50.57416521362499,22.252632693994993,1134.6000000000001,1033.7359369664957
2016,2017-04-22,Villarreal,Leganes,1,1.67,0.7510813680633032,0.25430588466571624,True,10.0,6.699999999999999,51.68679684832473,34.63015388837757,1141.3,1068.3660908548734
2016,2017-04-23,Sociedad,La Coruna,1,1.57,0.6795282887337734,0.06685941331202416,True,10.0,5.700000000000001,31.329092121498885,17.857582509254367,1147.0,1086.2236733641278
2016,2017-04-28,Villarreal,Sp Gijon,1,1.4,0.8774440918431615,0.22842172858042598,True,10.0,3.999999999999999,54.31118366820633,21.72447346728253,1151.0,1107.9481468314102
2016,2017-05-14,Villarreal,La Coruna,1,1.5,0.7311783669466352,0.09676755041995277,False,10.0,-10.0,53.60671408060081,-53.60671408060081,1141.0,1054.3414327508094
2016,2017-05-14,Eibar,Sp Gijon,1,2.0,0.5836178283350231,0.16723565667004614,False,10.0,-10.0,44.08087046512968,-44.08087046512968,1131.0,1010.2605622856798
2016,2017-05-21,Ath Madrid,Ath Bilbao,1,2.0,0.6587868829879583,0.3175737659759166,True,10.0,10.0,50.513028114283934,50.513028114283934,1141.0,1060.7735903999637
2017,2017-08-19,Sevilla,Espanol,1,1.62,0.6593524812571506,0.06815101963658399,False,10.0,-10.0,29.150323302144166,-29.150323302144166,1131.0,1031.6232670978195
2017,2017-08-26,Girona,Malaga,1,2.15,0.5014352480357928,0.07808578327695437,True,10.0,11.5,17.511980621318234,20.138777714515967,1142.5,1051.7620448123355
2017,2017-09-09,Sevilla,Eibar,1,1.57,0.6980020778999646,0.09586326230294451,True,10.0,5.700000000000001,44.22164069391495,25.206335195531523,1148.2,1076.9683800078672
2017,2017-09-18,Espanol,Celta,1,2.3,0.5007345492385976,0.15168946324877441,True,10.0,12.999999999999998,31.416299134479864,40.84118887482382,1161.2,1117.8095688826909
2017,2017-09-19,Valencia,Malaga,1,1.5,0.7095520827142957,0.0643281240714435,True,10.0,5.0,35.953296317666215,17.976648158833108,1166.2,1135.786217041524
2017,2017-09-20,Sevilla,Las Palmas,1,1.4,0.7891898805466292,0.10486583276528072,True,10.0,3.999999999999999,56.789310852076134,22.715724340830448,1170.2,1158.5019413823545
2017,2017-09-24,Sociedad,Valencia,1,2.3,0.4975085487597428,0.14426966214740844,False,10.0,-10.0,30.534586441602205,-30.534586441602205,1160.2,1127.9673549407523
2017,2017-09-24,Las Palmas,Leganes,1,2.05,0.6101910824698678,0.2508917190632287,False,10.0,-10.0,57.92509706911766,-57.92509706911766,1150.2,1070.0422578716345
2017,2017-09-29,Celta,Girona,1,1.67,0.666297403348086,0.1127166635913035,False,10.0,-10.0,45.00432582425214,-45.00432582425214,1140.2,1025.0379320473824
2017,2017-09-30,La Coruna,Getafe,1,2.25,0.5058080000211896,0.1380680000476766,True,10.0,12.5,28.304987450157633,35.38123431269704,1152.7,1060.4191663600795
2017,2017-10-15,Malaga,Leganes,1,2.38,0.5041303879253382,0.19983032326230465,False,10.0,-10.0,38.388388552043125,-38.388388552043125,1142.7,1022.0307778080364
2017,2017-10-21,Levante,Getafe,1,2.37,0.474911904645277,0.12554121400930662,False,10.0,-10.0,23.413683321331504,-23.413683321331504,1132.7,998.6170944867049
2017,2017-10-22,Villarreal,Las Palmas,1,1.5,0.7815190194549553,0.17227852918243292,True,10.0,5.0,49.93085472433518,24.96542736216759,1137.7,1023.5825218488725
2017,2017-10-28,Sevilla,Leganes,1,1.61,0.752374376568021,0.21132274627451375,True,10.0,6.100000000000001,51.17912609244356,31.219266916390577,1143.8,1054.8017887652632
2017,2017-10-30,Espanol,Betis,1,2.14,0.5026890965948335,0.07575466671294384,True,10.0,11.400000000000002,17.523280253537145,19.976539489032348,1155.2,1074.7783282542955
2017,2017-10-30,Las Palmas,La Coruna,1,2.04,0.5191679117847533,0.059102540040896656,False,10.0,-10.0,15.26974259152341,-15.26974259152341,1145.2,1059.508585662772
2017,2017-11-04,Valencia,Leganes,1,1.5,0.8456169283874558,0.2684253925811837,True,10.0,5.0,52.97542928313854,26.48771464156927,1150.2,1085.9963003043413
2017,2017-11-05,Villarreal,Malaga,1,1.53,0.8316544706899395,0.2724313401556073,True,10.0,5.300000000000001,57.93110183095379,30.70348397040551,1155.5,1116.6997842747467
2017,2017-11-05,Celta,Ath Bilbao,1,2.1,0.5434250683981179,0.14119264363604755,True,10.0,11.0,34.84879286794017,38.33367215473419,1166.5,1155.033456429481
2017,2017-11-05,Sociedad,Eibar,1,1.61,0.7194988285751002,0.15839311400591138,True,10.0,6.100000000000001,56.21649862295371,34.292064160001765,1172.6,1189.3255205894827
2017,2017-11-19,Malaga,La Coruna,1,2.37,0.4625922090731714,0.09634353550341634,True,10.0,13.700000000000001,20.909457211319673,28.645956379507954,1186.3,1217.9714769689906
2017,2017-11-26,Villarreal,Sevilla,1,2.37,0.506535203281758,0.20048843177776665,False,10.0,-10.0,44.560071417438486,-44.560071417438486,1176.3,1173.4114055515522
2017,2017-11-27,Espanol,Getafe,1,2.0,0.5460525467950026,0.09210509359000518,True,10.0,10.0,27.01929183197628,27.01929183197628,1186.3,1200.4306973835285
2017,2017-12-02,Sevilla,La Coruna,1,1.44,0.7848158043446,0.130134758256224,True,10.0,4.3999999999999995,60.02153486917636,26.409475342437595,1190.7,1226.840172725966
2017,2017-12-08,Alaves,Las Palmas,1,2.29,0.48757650780221073,0.11655020286706264,True,10.0,12.9,27.710943995479333,35.74711775416834,1203.6,1262.5872904801345
2017,2017-12-09,La Coruna,Leganes,1,2.37,0.49101886106695414,0.16371470072868144,True,10.0,13.700000000000001,37.71972635123937,51.67602510119794,1217.3,1314.2633155813323
2017,2017-12-10,Sociedad,Malaga,1,1.53,0.7167089155781629,0.09656464083458927,False,10.0,-10.0,59.86385142980551,-59.86385142980551,1207.3,1254.399464151527
2017,2017-12-17,Girona,Getafe,1,2.2,0.5021624512963613,0.10475739285199492,True,10.0,12.000000000000002,27.37658697071943,32.85190436486332,1219.3,1287.2513685163901
2017,2017-12-21,Alaves,Malaga,1,2.14,0.5165188649163092,0.1053503709209016,True,10.0,11.400000000000002,29.73956340825433,33.90310228540994,1230.7,1321.1544708018
2017,2017-12-23,Valencia,Villarreal,1,2.04,0.5434250683981179,0.10858713953216048,False,10.0,-10.0,34.48566943857994,-34.48566943857994,1220.7,1286.6688013632202
2017,2018-01-06,Sevilla,Betis,1,1.5,0.779617229928956,0.16942584489343404,False,10.0,-10.0,64.33344006816094,-64.33344006816094,1210.7,1222.3353612950593
2017,2018-01-06,Valencia,Girona,1,1.61,0.680803343036613,0.09609338228894715,True,10.0,6.100000000000001,48.138663589436185,29.364584789556076,1216.8,1251.6999460846155
2017,2018-01-07,Villarreal,La Coruna,1,1.57,0.7468730684092234,0.17259071740248078,False,10.0,-10.0,62.5849973042307,-62.5849973042307,1206.8,1189.1149487803846
2017,2018-01-15,Betis,Leganes,1,2.25,0.5518080892037499,0.2415682007084372,True,10.0,12.5,57.45047172247653,71.81308965309566,1219.3,1260.9280384334802
2017,2018-01-20,Villarreal,Levante,1,1.44,0.8316544706899395,0.1975824377935127,True,10.0,4.3999999999999995,63.04640192167395,27.740416845536533,1223.7,1288.6684552790168
2017,2018-01-21,Alaves,Leganes,1,2.14,0.5345280528231146,0.1438900330414652,False,10.0,-10.0,40.663716361752506,-40.663716361752506,1213.7,1248.0047389172644
2017,2018-01-27,Villarreal,Sociedad,1,2.04,0.5973266383210749,0.2185463421749929,True,10.0,10.4,62.400236945863156,64.89624642369769,1224.1,1312.900985340962
2017,2018-01-28,Sevilla,Getafe,1,1.5,0.7478894033252573,0.12183410498788594,False,10.0,-10.0,65.64504926704804,-65.64504926704804,1214.1,1247.255936073914
2017,2018-02-04,Girona,Ath Bilbao,1,2.39,0.5385083680820086,0.28703499971600066,True,10.0,13.900000000000002,62.36279680369563,86.68428755713694,1228.0,1333.940223631051
2017,2018-02-05,Las Palmas,Malaga,1,2.25,0.5014352480357928,0.12822930808053368,True,10.0,12.5,34.21004637940037,42.762557974250456,1240.5,1376.7027816053014
2017,2018-02-10,Villarreal,Alaves,1,1.66,0.7194759532191464,0.19433008234378302,False,10.0,-10.0,68.83513908026501,-68.83513908026501,1230.5,1307.8676425250364
2017,2018-02-11,Valencia,Levante,1,1.5,0.8316544706899395,0.24748170603490927,True,10.0,5.0,65.39338212625175,32.696691063125876,1235.5,1340.5643335881623
2017,2018-02-18,Sociedad,Levante,1,1.57,0.6962999628347534,0.09319094165056274,True,10.0,5.700000000000001,54.7931809606315,31.23211314755996,1241.2,1371.7964467357222
2017,2018-02-18,Ath Madrid,Ath Bilbao,1,1.44,0.7858635465167247,0.13164350698408356,True,10.0,4.3999999999999995,68.58982233678604,30.179521828185855,1245.6,1401.975968563908
2017,2018-02-24,Celta,Eibar,1,2.0,0.6168217743753973,0.23364354875079463,True,10.0,10.0,70.09879842819534,70.09879842819534,1255.6,1472.0747669921034
2017,2018-02-27,Girona,Celta,1,2.29,0.4702462954780378,0.07686401664470655,True,10.0,12.9,21.928213060529735,28.28739484808336,1268.5,1500.3621618401867
2017,2018-03-10,Sevilla,Valencia,1,2.0,0.5327619196102088,0.0655238392204176,False,10.0,-10.0,24.577372266203618,-24.577372266203618,1258.5,1475.784789573983
2017,2018-03-17,Valencia,Alaves,1,1.44,0.7533501451644717,0.08482420903683918,True,10.0,4.3999999999999995,71.12629402511998,31.295569371052785,1262.9,1507.0803589450359
2017,2018-04-06,La Coruna,Malaga,1,2.04,0.5392341087140458,0.10003758177665345,True,10.0,10.4,36.24150832979618,37.691168662988034,1273.3,1544.771527608024
2017,2018-04-07,Betis,Eibar,1,2.25,0.5282937683552356,0.1886609787992799,True,10.0,12.5,61.7736527898153,77.21706598726912,1285.8,1621.988593595293
2017,2018-04-07,Alaves,Getafe,1,2.45,0.5058080000211896,0.23922960005191474,True,10.0,14.500000000000002,63.71639219331941,92.38876868031315,1300.3,1714.3773622756062
2017,2018-04-13,Girona,Betis,1,2.29,0.5051073012239944,0.15669571980294728,False,10.0,-10.0,52.06116178210349,-52.06116178210349,1290.3,1662.3162004935027
2017,2018-04-17,Villarreal,Leganes,1,1.6,0.7254137675177859,0.16066202802845742,True,10.0,6.000000000000001,83.11581002467507,49.86948601480505,1296.3,1712.1856865083078
2017,2018-04-18,Espanol,Eibar,1,2.29,0.5524202322083809,0.26504233175719216,False,10.0,-10.0,85.60928432541533,-85.60928432541533,1286.3,1626.5764021828925
2017,2018-04-18,Valencia,Getafe,1,1.44,0.8966215897616278,0.2911350892567439,False,10.0,-10.0,81.32882010914456,-81.32882010914456,1276.3,1545.247582073748
2017,2018-04-19,Alaves,Girona,1,2.37,0.48413165942188136,0.1473920328298588,False,10.0,-10.0,41.561529625414884,-41.561529625414884,1266.3,1503.6860524483332
2017,2018-04-22,Girona,Espanol,1,2.14,0.5028054466846178,0.07600365590508207,False,10.0,-10.0,25.062639763060126,-25.062639763060126,1256.3,1478.6234126852728
2017,2018-04-22,Ath Madrid,Betis,1,1.61,0.7205651527966328,0.16010989600257886,False,10.0,-10.0,73.93117063426358,-73.93117063426358,1246.3,1404.6922420510093
2017,2018-04-29,Valencia,Eibar,1,1.5,0.7891898805466292,0.18378482081994374,False,10.0,-10.0,70.23461210255041,-70.23461210255041,1236.3,1334.4576299484588
2017,2018-05-04,Sevilla,Sociedad,1,2.1,0.5108840930275884,0.07285659535793565,True,10.0,11.0,22.09637262896923,24.306009891866157,1247.3,1358.7636398403251
2017,2018-05-05,Girona,Eibar,1,2.1,0.5172460681768776,0.0862167431714429,False,10.0,-10.0,26.6245854015473,-26.6245854015473,1237.3,1332.1390544387777
2017,2018-05-05,Villarreal,Valencia,1,2.25,0.5212990159860184,0.17292278596854138,True,10.0,12.5,46.071439318210324,57.5892991477629,1249.8,1389.7283535865408
2017,2018-05-05,Celta,La Coruna,1,1.61,0.660651518005354,0.06364894398862009,False,10.0,-10.0,36.251943498699525,-36.251943498699525,1239.8,1353.4764100878413
2017,2018-05-20,Ath Madrid,Eibar,1,1.61,0.8182619244956929,0.31740169843806565,False,10.0,-10.0,67.67382050439198,-67.67382050439198,1229.8,1285.8025895834492
2017,2018-05-20,Valencia,La Coruna,1,1.4,0.8150789631399634,0.14111054839594872,True,10.0,3.999999999999999,64.29012947917238,25.716051791668946,1233.8,1311.518641375118
2018,2018-08-27,Levante,Celta,1,2.4,0.49078778092774195,0.17789067422658067,False,10.0,-10.0,41.66195274552652,-41.66195274552652,1223.8,1269.8566886295916
2018,2018-08-31,Villarreal,Girona,1,1.57,0.6747065788320451,0.05928932876631077,False,10.0,-10.0,33.02146960449933,-33.02146960449933,1213.8,1236.8352190250923
2018,2018-09-22,Eibar,Leganes,1,2.04,0.5823235432087651,0.18794002814588096,True,10.0,10.4,55.87760718158469,58.11271146884808,1224.2,1294.9479304939405
2018,2018-09-23,Betis,Ath Bilbao,1,2.14,0.6830400054380806,0.4617056116374927,False,10.0,-10.0,64.74739652469694,-64.74739652469694,1214.2,1230.2005339692435
2018,2018-09-25,Sociedad,Vallecano,1,1.61,0.7451326271705035,0.19966352974451085,False,10.0,-10.0,61.510026698462084,-61.510026698462084,1204.2,1168.6905072707814
2018,2018-09-30,Betis,Leganes,1,1.64,0.7816553609299092,0.28191479192505087,True,10.0,6.399999999999999,55.51279909536203,35.52819142103169,1210.6,1204.2186986918132
2018,2018-09-30,Villarreal,Valladolid,1,1.53,0.7537193169014017,0.15319055485914457,False,10.0,-10.0,58.43452536353898,-58.43452536353898,1200.6,1145.7841733282742
2018,2018-10-01,Celta,Getafe,1,2.0,0.5831857172866854,0.1663714345733709,False,10.0,-10.0,47.65643915702212,-47.65643915702212,1190.6,1098.127734171252
2018,2018-10-07,Espanol,Villarreal,1,2.25,0.5426847291460423,0.22104064057859518,True,10.0,12.5,48.54617155966688,60.6827144495836,1203.1,1158.8104486208356
2018,2018-10-20,Valencia,Leganes,1,1.5,0.8440320747926967,0.266048112189045,False,10.0,-10.0,57.94052243104168,-57.94052243104168,1193.1,1100.869926189794
2018,2018-10-21,Betis,Valladolid,1,1.61,0.7455635308880693,0.20035728472979164,False,10.0,-10.0,55.0434963094896,-55.0434963094896,1183.1,1045.8264298803042
2018,2018-10-27,Celta,Eibar,1,2.14,0.5511186407123041,0.1793938911243309,True,10.0,11.400000000000002,41.14361243352952,46.903718174223656,1194.5,1092.730148054528
2018,2018-10-27,Levante,Leganes,1,2.1,0.5405854789407236,0.13522950577551973,True,10.0,11.0,33.5839449698691,36.94233946685601,1205.5,1129.672487521384
2018,2018-11-03,Valencia,Girona,1,1.5,0.701479179676527,0.05221876951479043,False,10.0,-10.0,29.49505362653951,-29.49505362653951,1195.5,1100.1774338948444
2018,2018-11-05,Espanol,Ath Bilbao,1,2.0,0.65209701396028,0.30419402792055994,True,10.0,10.0,55.00887169474213,55.00887169474213,1205.5,1155.1863055895865
2019,2019-08-17,Villarreal,Granada,1,1.6,0.7454634401424557,0.19274150422792924,False,10.0,-10.0,56.74947122761472,-56.74947122761472,1195.5,1098.436834361972
2019,2019-08-17,Leganes,Osasuna,1,2.0,0.5349673138255949,0.06993462765118985,False,10.0,-10.0,20.196881037290304,-20.196881037290304,1185.5,1078.2399533246817
2019,2019-09-01,Espanol,Granada,1,2.05,0.7145059357942299,0.46473716837817136,False,10.0,-10.0,53.91199766623399,-53.91199766623399,1175.5,1024.3279556584475
2019,2019-09-01,Valencia,Mallorca,1,1.4,0.822131401481216,0.15098396207370235,True,10.0,3.999999999999999,51.216397782922286,20.48655911316891,1179.5,1044.8145147716166
2019,2019-09-15,Valladolid,Osasuna,1,2.15,0.5303380788172883,0.14022686945716978,False,10.0,-10.0,31.850232297790303,-31.850232297790303,1169.5,1012.9642824738262
2019,2019-09-21,Ath Madrid,Celta,1,1.4,0.7645708184134739,0.0703991457788633,False,10.0,-10.0,44.56988761916027,-44.56988761916027,1159.5,968.394394854666
2019,2019-09-22,Valencia,Leganes,1,1.61,0.837292551463662,0.34804100785649594,False,10.0,-10.0,48.41971974273321,-48.41971974273321,1149.5,919.9746751119327
2019,2019-09-24,Valladolid,Granada,1,2.25,0.5303380788172883,0.19326067733889873,False,10.0,-10.0,35.55898576935301,-35.55898576935301,1139.5,884.4156893425798
2019,2019-09-26,Sociedad,Alaves,1,1.6,0.6886432850384779,0.10182925606156479,True,10.0,6.000000000000001,37.52474653955444,22.51484792373267,1145.5,906.9305372663124
2019,2019-09-28,Ath Madrid,Real Madrid,1,2.4,0.5078977895655032,0.21895469495720765,False,10.0,-10.0,35.46012484545026,-35.46012484545026,1135.5,871.4704124208622
2019,2019-09-29,Levante,Osasuna,1,2.15,0.5462935800180854,0.17453119703888342,False,10.0,-10.0,34.67275235932983,-34.67275235932983,1125.5,836.7976600615323
2019,2019-09-29,Alaves,Mallorca,1,2.2,0.5429555458876711,0.19450220095287651,True,10.0,12.000000000000002,35.31310693357672,42.37572832029207,1137.5,879.1733883818245
2019,2019-10-30,Sociedad,Levante,1,1.5,0.7515543466211104,0.12733151993166558,False,10.0,-10.0,43.958669419091116,-43.958669419091116,1127.5,835.2147189627333
2019,2019-10-31,Mallorca,Osasuna,1,2.45,0.43241693447625945,0.059421489466835675,False,10.0,-10.0,8.556845280239664,-8.556845280239664,1117.5,826.6578736824936
2019,2019-11-03,Valladolid,Mallorca,1,2.0,0.550540216765636,0.10108043353127205,True,10.0,10.0,20.88973406346644,20.88973406346644,1127.5,847.54760774596
2020,2020-09-13,Valencia,Levante,1,2.1,0.6005688765473829,0.26119464074950405,True,10.0,11.0,42.3773803872979,46.61511842602769,1138.5,894.1627261719877
2020,2020-09-20,Granada,Alaves,1,2.05,0.5221333326714425,0.07037333197645701,True,10.0,10.499999999999998,14.982192945208327,15.73130259246874,1149.0,909.8940287644565
2020,2020-09-26,Valencia,Huesca,1,2.0,0.6263984855600152,0.2527969711200304,False,10.0,-10.0,45.49470143822272,-45.49470143822272,1139.0,864.3993273262338
2020,2020-09-27,Ath Madrid,Granada,1,1.5,0.7911962207713629,0.18679433115704436,True,10.0,5.0,43.21996636631158,21.60998318315579,1144.0,886.0093105093896
2020,2020-09-29,Getafe,Betis,1,2.45,0.5505100997036249,0.34874974427388095,True,10.0,14.500000000000002,44.30046552546938,64.23567501193061,1158.5,950.2449855213201
2020,2020-10-03,Sociedad,Getafe,1,2.25,0.49060292179931136,0.1038565740484505,True,10.0,12.5,19.737837740592706,24.672297175740884,1171.0,974.9172826970611
2020,2020-10-24,Ath Madrid,Betis,1,1.55,0.7221834972728582,0.11938442077293021,True,10.0,5.5,48.74586413485295,26.810225274169124,1176.5,1001.7275079712302
2020,2020-10-24,Sevilla,Eibar,1,1.45,0.7762372688573055,0.12554403984309292,False,10.0,-10.0,50.086375398561415,-50.086375398561415,1166.5,951.6411325726688
2020,2020-10-25,Sociedad,Huesca,1,1.57,0.7223837795336504,0.13414253386783126,True,10.0,5.700000000000001,47.58205662863334,27.121772278321007,1172.2,978.7629048509898
2020,2020-10-26,Levante,Celta,1,2.37,0.4699270002854426,0.11372699067649905,False,10.0,-10.0,20.312364918702812,-20.312364918702812,1162.2,958.450539932287
2020,2020-11-01,Granada,Levante,1,2.25,0.5549374418069617,0.24860924406566376,False,10.0,-10.0,47.65593284137853,-47.65593284137853,1152.2,910.7946070909085
2020,2020-11-02,Villarreal,Valladolid,1,1.61,0.6823552323665756,0.09859192411018669,True,10.0,6.100000000000001,36.80204622224342,22.44924819556849,1158.3,933.2438552864769
2020,2020-11-07,Sevilla,Osasuna,1,1.5,0.7355425846025746,0.10331387690386196,True,10.0,5.0,46.66219276432375,23.331096382161874,1163.3,956.5749516686388
2020,2020-11-07,Ath Madrid,Cadiz,1,1.4,0.8746469161644388,0.2245056826302143,True,10.0,3.999999999999999,47.82874758343184,19.131499033372734,1167.3,975.7064507020116
2020,2020-11-08,Levante,Alaves,1,2.15,0.5521673445349883,0.1871597907502247,False,10.0,-10.0,39.698481553702734,-39.698481553702734,1157.3,936.0079691483088
2020,2020-11-20,Osasuna,Huesca,1,2.4,0.47228059511698034,0.13347342828075281,False,10.0,-10.0,22.309320096487433,-22.309320096487433,1147.3,913.6986490518213
2020,2020-11-22,Granada,Valladolid,1,2.1,0.5432505617166999,0.14082617960506982,False,10.0,-10.0,29.243793194609353,-29.243793194609353,1137.3,884.454855857212
2020,2020-12-05,Ath Madrid,Valladolid,1,1.4,0.8634230951129412,0.20879233315811763,True,10.0,3.999999999999999,44.2227427928605,17.689097117144197,1141.3,902.1439529743562
2020,2020-12-06,Granada,Huesca,1,2.3,0.5053864546234265,0.16238884563388067,False,10.0,-10.0,28.1727144459791,-28.1727144459791,1131.3,873.9712385283772
2020,2020-12-13,Sociedad,Eibar,1,1.6,0.6845806375085363,0.09532902001365806,False,10.0,-10.0,34.71450903709708,-34.71450903709708,1121.3,839.2567294912801
2021,2021-08-14,Osasuna,Espanol,1,2.25,0.5352832498347465,0.20438731212817962,False,10.0,-10.0,34.30668542524182,-34.30668542524182,1111.3,804.9500440660382
2021,2021-08-15,Sevilla,Vallecano,1,1.44,0.737638407850453,0.062199307304652285,True,10.0,4.3999999999999995,28.44734952031636,12.516833788939197,1115.7,817.4668778549774
2021,2021-08-28,Celta,Ath Bilbao,1,2.4,0.4858705842001232,0.16608940208029566,False,10.0,-10.0,24.245104457746244,-24.245104457746244,1105.7,793.2217733972312
2021,2021-09-18,Ath Madrid,Ath Bilbao,1,1.65,0.7977814411908226,0.31633937796485734,False,10.0,-10.0,39.66108866986146,-39.66108866986146,1095.7,753.5606847273698
2021,2021-09-19,Betis,Espanol,1,2.0,0.5857758022423818,0.1715516044847636,False,10.0,-10.0,32.318636135404255,-32.318636135404255,1085.7,721.2420485919655
2021,2021-09-25,Sevilla,Espanol,1,1.57,0.7481022012967293,0.17452045603586508,True,10.0,5.700000000000001,36.06210242959818,20.555398384870962,1091.3999999999999,741.7974469768365
2021,2021-09-26,Sociedad,Elche,1,1.4,0.7546624032175329,0.056527364504545874,True,10.0,3.999999999999999,26.20740917112567,10.482963668450266,1095.3999999999999,752.2804106452867
2021,2021-09-26,Barcelona,Levante,1,1.4,0.8335459900952141,0.16696438613329967,True,10.0,3.999999999999999,37.614020532264234,15.045608212905691,1099.3999999999999,767.3260188581924
2021,2021-10-16,Sociedad,Mallorca,1,1.4,0.7636971408051613,0.06917599712722566,True,10.0,3.999999999999999,33.175339047612304,13.270135619044918,1103.3999999999999,780.5961544772373
2021,2021-10-24,Sevilla,Levante,1,1.44,0.8142646948978213,0.17254116065286262,True,10.0,4.3999999999999995,39.029807723861765,17.173115398499174,1107.8,797.7692698757364
2021,2021-10-30,Sevilla,Osasuna,1,1.53,0.7506856555565301,0.14854905300149102,True,10.0,5.300000000000001,39.88846349378672,21.140885651706963,1113.1,818.9101555274434
2021,2021-10-31,Getafe,Espanol,1,2.45,0.44005256172932755,0.07812877623685255,True,10.0,14.500000000000002,11.031111775739582,15.995112074822396,1127.6,834.9052676022659
2021,2021-10-31,Sociedad,Ath Bilbao,1,2.1,0.6509081021793549,0.3669070145766453,False,10.0,-10.0,41.74526338011319,-41.74526338011319,1117.6,793.1600042221527
2021,2021-11-20,Sevilla,Alaves,1,1.44,0.7546624032175329,0.08671386063324737,False,10.0,-10.0,39.078389810219015,-39.078389810219015,1107.6,754.0816144119336
2021,2021-11-20,Ath Madrid,Osasuna,1,1.44,0.7319742421793469,0.054042908738259454,True,10.0,4.3999999999999995,23.154979470945097,10.188190967215842,1112.0,764.2698053791495
2022,2022-08-19,Sevilla,Valladolid,1,1.5,0.7190609425940996,0.07859141389114943,False,10.0,-10.0,30.032522299530395,-30.032522299530395,1102.0,734.2372830796191
2022,2022-08-19,Espanol,Vallecano,1,2.45,0.4408623439734319,0.0801127427349082,False,10.0,-10.0,10.141683200988847,-10.141683200988847,1092.0,724.0955998786303
2022,2022-10-01,Getafe,Valladolid,1,2.3,0.5109178844786337,0.17511113430085756,False,10.0,-10.0,24.3840772763474,-24.3840772763474,1082.0,699.7115226022829
2022,2022-10-08,Ath Madrid,Girona,1,1.45,0.7471973582955496,0.08343616952854682,True,10.0,4.5,32.434027344956405,14.595312305230381,1086.5,714.3068349075132
2022,2022-10-16,Betis,Almeria,1,1.57,0.7345783177370916,0.15328795884723379,True,10.0,5.700000000000001,35.71534174537556,20.35774479486407,1092.2,734.6645797023773
2022,2022-10-18,Ath Madrid,Vallecano,1,1.55,0.7457734962573407,0.1559489191988781,False,10.0,-10.0,35.25343801461856,-35.25343801461856,1082.2,699.4111416877588
2022,2022-10-18,Sevilla,Valencia,1,2.25,0.5339662335640871,0.20142402551919592,False,10.0,-10.0,29.59581941000411,-29.59581941000411,1072.2,669.8153222777546
2022,2022-10-19,Sociedad,Mallorca,1,1.55,0.7388333450014568,0.14519168475225808,True,10.0,5.5,33.49076611388763,18.4199213626382,1077.7,688.2352436403928
2022,2022-10-23,Barcelona,Ath Bilbao,1,1.55,0.7420291426919753,0.15014517117256165,True,10.0,5.5,34.41176218201954,18.92646920011075,1083.2,707.1617128405036
2022,2022-10-29,Sevilla,Vallecano,1,2.0,0.5624688721757062,0.12493774435141236,False,10.0,-10.0,22.087797323493366,-22.087797323493366,1073.2,685.0739155170102
2022,2022-10-30,Sociedad,Betis,1,2.0,0.5253144776782855,0.05062895535657108,False,10.0,-10.0,8.671144171165489,-8.671144171165489,1063.2,676.4027713458447
2022,2022-11-06,Ath Madrid,Espanol,1,1.44,0.780314347129862,0.12365265986700136,False,10.0,-10.0,33.82013856729213,-33.82013856729213,1053.2,642.5826327785526
2022,2022-11-06,Betis,Sevilla,1,2.2,0.4924541543659122,0.08339913960500689,False,10.0,-10.0,11.164758062260667,-11.164758062260667,1043.2,631.4178747162919
2022,2022-12-30,Cadiz,Almeria,1,2.38,0.4655931379587524,0.10811166834183061,False,10.0,-10.0,12.3666014232665,-12.3666014232665,1033.2,619.0512732930254
2022,2023-01-14,Sociedad,Ath Bilbao,1,2.4,0.6049493373529733,0.45187840964713577,True,10.0,14.0,30.952563664651166,43.333589130511626,1047.2,662.384862423537
2023,2023-08-12,Las Palmas,Mallorca,1,2.4,0.516315884884131,0.23915812372191447,False,10.0,-10.0,26.873925863403667,-26.873925863403667,1037.2,635.5109365601334
2023,2023-08-12,Sociedad,Girona,1,1.62,0.6960085556410475,0.127533860138497,False,10.0,-10.0,33.11924312117675,-33.11924312117675,1027.2,602.3916934389566
2023,2023-08-26,Cadiz,Almeria,1,2.25,0.4868989862319036,0.09552271902178311,False,10.0,-10.0,11.508418494685072,-11.508418494685072,1017.1999999999999,590.8832749442715
2023,2023-08-26,Sevilla,Girona,1,2.05,0.5142370465643693,0.054185945456956874,False,10.0,-10.0,7.623230692275773,-7.623230692275773,1007.1999999999999,583.2600442519957
2023,2023-09-17,Real Madrid,Sociedad,1,1.65,0.6777757044096959,0.1183299122759982,True,10.0,6.499999999999999,26.545042257858942,17.25427746760831,1013.6999999999999,600.514321719604
2023,2023-09-27,Villarreal,Girona,1,2.25,0.4789619034184394,0.07766428269148862,False,10.0,-10.0,9.327702808463743,-9.327702808463743,1003.6999999999999,591.1866189111403
2023,2023-09-30,Sociedad,Ath Bilbao,1,2.2,0.6259254718265527,0.3770360380184159,True,10.0,12.000000000000002,29.559330945556912,35.4711971346683,1015.6999999999999,626.6578160458085
2023,2023-10-01,Betis,Valencia,1,2.3,0.5531631979467261,0.27227535527746993,True,10.0,12.999999999999998,31.332890802290326,40.732758042977416,1028.7,667.390574088786
2023,2023-10-22,Barcelona,Ath Bilbao,1,1.62,0.7896528959063168,0.2792376913682333,True,10.0,6.200000000000001,33.3695287044392,20.689107796752307,1034.9,688.0796818855383
2023,2023-10-28,Almeria,Las Palmas,1,2.25,0.5093071126051298,0.14594100336154225,False,10.0,-10.0,20.08380783341319,-20.08380783341319,1024.9,667.9958740521251
2023,2023-11-10,Ath Bilbao,Celta,1,1.67,0.6523214243607973,0.08937677868253147,True,10.0,6.699999999999999,22.277357983582373,14.925829849000188,1031.6,682.9217039011253
2023,2023-11-27,Girona,Ath Bilbao,1,2.25,0.5421260605839522,0.2197836363138923,False,10.0,-10.0,30.01900308021362,-30.01900308021362,1021.6,652.9027008209116
2023,2023-12-01,Las Palmas,Getafe,1,2.38,0.5136011773667105,0.22237080213277105,True,10.0,13.799999999999999,26.301901684093895,36.296624324049574,1035.4,689.1993251449612
2023,2023-12-03,Barcelona,Ath Madrid,1,2.0,0.5732118202265731,0.14642364045314626,True,10.0,10.0,25.228768546394136,25.228768546394136,1045.4,714.4280936913553
2023,2023-12-03,Mallorca,Alaves,1,2.45,0.43544741905901435,0.06684617669458515,False,10.0,-10.0,8.233928721804798,-8.233928721804798,1035.4,706.1941649695506
2024,2024-08-24,Osasuna,Mallorca,1,2.45,0.4842158772410549,0.1863288992405847,True,10.0,14.500000000000002,22.686962311879284,32.89609535222497,1049.9,739.0902603217755
2024,2024-08-24,Barcelona,Ath Bilbao,1,1.62,0.6883549733129208,0.11513505676693181,True,10.0,6.200000000000001,34.31258027340072,21.27379976950845,1056.1,760.364060091284
2024,2024-10-20,Villarreal,Getafe,1,1.67,0.6316501994869331,0.05485583314317832,False,10.0,-10.0,15.563583585237678,-15.563583585237678,1046.1,744.8004765060464
2024,2024-11-24,Sevilla,Vallecano,1,2.3,0.45676064763465174,0.05054948955969896,True,10.0,12.999999999999998,7.240246906000211,9.412320977800272,1059.1,754.2127974838465
2024,2024-12-14,Sevilla,Celta,1,2.2,0.5038651679717231,0.10850336953779083,True,10.0,12.000000000000002,17.048881224066783,20.45865746888014,1071.1,774.6714549527268
2024,2024-12-22,Valencia,Alaves,1,2.25,0.4944646650394519,0.11254549633876687,False,10.0,-10.0,17.437156679425815,-17.437156679425815,1061.1,757.234298273301
2024,2025-01-12,Las Palmas,Getafe,1,2.45,0.43502419946301485,0.0658092886843864,False,10.0,-10.0,8.59190526496315,-8.59190526496315,1051.1,748.6423930083378
2024,2025-01-13,Sociedad,Villarreal,1,2.0,0.5312528867894208,0.06250577357884168,True,10.0,10.0,11.69861797722531,11.69861797722531,1061.1,760.3410109855631
2024,2025-01-19,Osasuna,Vallecano,1,2.15,0.49266642351388196,0.05923281055484608,False,10.0,-10.0,9.790681534953887,-9.790681534953887,1051.1,750.5503294506092
2024,2025-03-01,Ath Madrid,Ath Bilbao,1,2.05,0.5169690996128473,0.059786654206337,True,10.0,10.499999999999998,10.684022145551372,11.218223252828938,1061.6,761.7685527034382
2024,2025-03-09,Sociedad,Sevilla,1,2.2,0.5542845834212035,0.21942608352664772,False,10.0,-10.0,34.82331043197451,-34.82331043197451,1051.6,726.9452422714637
2024,2025-03-16,Osasuna,Getafe,1,2.25,0.47320837555016815,0.06471884498787839,False,10.0,-10.0,9.409411289848483,-9.409411289848483,1041.6,717.5358309816152
2024,2025-03-30,Valencia,Mallorca,1,2.15,0.5041406395557676,0.08390237504490039,True,10.0,11.5,13.087600086776861,15.050740099793389,1053.1,732.5865710814086
2024,2025-04-13,Osasuna,Girona,1,2.45,0.4429648187138913,0.08526380584903381,True,10.0,14.500000000000002,10.769503304188696,15.61577979107361,1067.6,748.2023508724822
2024,2025-05-05,Girona,Mallorca,1,2.0,0.5258601872137497,0.05172037442749944,True,10.0,10.0,9.674326433664994,9.674326433664994,1077.6,757.8766773061471
2024,2025-05-10,Ath Madrid,Sociedad,1,1.67,0.6437366782795445,0.07504025272683923,True,10.0,6.699999999999999,21.22061843314564,14.217814350207576,1084.3,772.0944916563548
2024,2025-05-13,Sociedad,Celta,1,2.3,0.5631858303957579,0.295327409910243,False,10.0,-10.0,38.60472458281763,-38.60472458281763,1074.3,733.4897670735371
2024,2025-05-18,Sociedad,Girona,1,2.05,0.519974177645585,0.06594706417344898,True,10.0,10.499999999999998,11.517023033277752,12.092874184941637,1084.8,745.5826412584788
2024,2025-05-24,Real Madrid,Sociedad,1,1.42,0.8125675973828983,0.15384598828371554,True,10.0,4.199999999999999,37.27913206292383,15.657235466428006,1089.0,761.2398767249067
